<?xml version="1.0" encoding="utf-8" ?>
<dwsync>
<file name="1_thumb.jpg" server="C:/wamp/www/4physio/" local="130193361754821776" remote="130193361750000000" />
<file name="2_thumb.jpg" server="C:/wamp/www/4physio/" local="130193361769752630" remote="130193361760000000" />
<file name="3_thumb.jpg" server="C:/wamp/www/4physio/" local="130193361764362321" remote="130193361760000000" />
<file name="4_thumb.jpg" server="C:/wamp/www/4physio/" local="130193361774342892" remote="130193361770000000" />
<file name="5_thumb.jpg" server="C:/wamp/www/4physio/" local="130193361780293232" remote="130193361780000000" />
<file name="6_thumb.jpg" server="C:/wamp/www/4physio/" local="130193361785533532" remote="130193361780000000" />
<file name="7_thumb.jpg" server="C:/wamp/www/4physio/" local="130193361784673483" remote="130193361780000000" />
<file name="8_thumb.jpg" server="C:/wamp/www/4physio/" local="130193361790063791" remote="130193361790000000" />
<file name="9_thumb.jpg" server="C:/wamp/www/4physio/" local="130193361813315121" remote="130193361810000000" />
<file name="10_thumb.jpg" server="C:/wamp/www/4physio/" local="130193361763322262" remote="130193361760000000" />
</dwsync>