<?xml version="1.0" encoding="UTF-8"?>
<project-private xmlns="http://www.netbeans.org/ns/project-private/1">
    <editor-bookmarks xmlns="http://www.netbeans.org/ns/editor-bookmarks/2" lastBookmarkId="0"/>
    <open-files xmlns="http://www.netbeans.org/ns/projectui-open-files/2">
        <group>
            <file>file:/C:/wamp/www/sysduque/classes/logs.php</file>
            <file>file:/C:/wamp/www/sysduque/controles/alunos.php</file>
            <file>file:/C:/wamp/www/sysduque/controles/turmas.php</file>
            <file>file:/C:/wamp/www/sysduque/controles/adm_configuracao.php</file>
            <file>file:/C:/wamp/www/sysduque/controles/adm_menu.php</file>
            <file>file:/C:/wamp/www/sysduque/classes/matriculaaluno.php</file>
            <file>file:/C:/wamp/www/sysduque/controles/processo_rematricula.php</file>
        </group>
    </open-files>
</project-private>
